,id,sex,weight,height,BMI
0,1,M,190,77,0.03204587620172036
1,2,F,120,70,0.024489795918367346
2,3,F,110,68,0.02378892733564014
3,4,M,150,72,0.028935185185185185
4,5,O,120,66,0.027548209366391185
5,6,M,120,60,0.03333333333333333
6,7,F,140,70,0.02857142857142857
